{
  "_artifactsLocation":{"value":"https://raw.githubusercontent.com/elastic/azure-marketplace/master/src/"},
  "_artifactsLocationSasToken":{"value":""},
  "esVersion":{"value":"7.6.0"},
  "esClusterName":{"value":"my-azure-cluster"},
  "loadBalancerType":{"value":"internal"},
  "loadBalancerInternalSku":{"value":"Basic"},
  "loadBalancerExternalSku":{"value":"Basic"},
  "azureCloudPlugin":{"value":"No"},
  "azureCloudStorageAccountName":{"value":""},
  "azureCloudStorageAccountResourceGroup":{"value":""},
  "xpackPlugins":{"value":"Yes"},
  "esAdditionalPlugins": { "value":""},
  "esAdditionalYaml": { "value":""},
  "esHeapSize": { "value":0},
  "esHttpCertBlob": { "value":""},
  "esHttpCertPassword": { "value":""},
  "esHttpCaCertBlob": { "value":""},
  "esHttpCaCertPassword": { "value":""},
  "esTransportCaCertBlob": { "value":""},
  "esTransportCaCertPassword": { "value":""},
  "esTransportCertPassword": { "value":""},
  "samlMetadataUri": { "value":""},
  "samlServiceProviderUri": { "value":""},
  "kibana":{"value":"Yes"},
  "vmSizeKibana":{"value":"Standard_DS1_v2"},
  "vmKibanaAcceleratedNetworking":{"value":"Default"},
  "kibanaCertBlob":{"value":""},
  "kibanaKeyBlob":{"value":""},
  "kibanaKeyPassphrase":{"value":""},
  "kibanaAdditionalYaml": { "value":""},
  "logstash": { "value":"No"},
  "vmSizeLogstash": { "value":"Standard_DS1_v2"},
  "vmLogstashCount": { "value":1},
  "vmLogstashAcceleratedNetworking":{"value":"Default"},
  "logstashHeapSize": { "value": 0 },
  "logstashConf": { "value": "" },
  "logstashKeystorePassword": { "value": "" },
  "logstashAdditionalPlugins": { "value": "" },
  "logstashAdditionalYaml": { "value": "" },
  "jumpbox":{"value":"No"},
  "vmHostNamePrefix":{"value":""},
  "vmSizeDataNodes":{"value":"Standard_DS1_v2"},
  "vmDataNodeAcceleratedNetworking":{"value":"Default"},
  "vmDataDiskCount":{"value":40},
  "vmDataDiskSize":{"value":"32GiB"},
  "vmDataNodeCount":{"value":3},
  "storageAccountType":{"value":"Default"},
  "dataNodesAreMasterEligible":{"value":"Yes"},
  "vmSizeMasterNodes":{"value":"Standard_DS1_v2"},
  "vmMasterNodeAcceleratedNetworking":{"value":"Default"},
  "vmClientNodeCount":{"value":0},
  "vmSizeClientNodes":{"value":"Standard_DS1_v2"},
  "vmClientNodeAcceleratedNetworking":{"value":"Default"},
  "adminUsername":{"value":"<os-level-username>"},
  "authenticationType":{"value":"password"},
  "sshPublicKey":{"value":"<value-ignored>"},
  "adminPassword":{"value":""},
  "securityBootstrapPassword":{"value":""},
  "securityAdminPassword":{"value":""},
  "securityKibanaPassword":{"value":""},
  "securityLogstashPassword":{"value":""},
  "securityBeatsPassword":{"value":""},
  "securityApmPassword":{"value":""},
  "securityRemoteMonitoringPassword":{"value":""},
  "vNetNewOrExisting": {"value":"new"},
  "vNetName": {"value": "es-net"},
  "vNetExistingResourceGroup": {"value": ""},
  "vNetNewAddressPrefix": {"value": "10.0.0.0/24"},
  "vNetLoadBalancerIp": {"value": "10.0.0.4"},
  "vNetClusterSubnetName": {"value": "es-subnet"},
  "vNetNewClusterSubnetAddressPrefix": {"value": "10.0.0.0/25"},
  "vNetAppGatewaySubnetName": {"value": "es-app-gateway"},
  "vNetNewAppGatewaySubnetAddressPrefix": {"value": "10.0.0.128/28"},
  "appGatewayTier": {"value":"Standard"},
  "appGatewaySku": {"value":"Small"},
  "appGatewayCount": {"value":1},
  "appGatewayCertBlob": {"value":""},
  "appGatewayCertPassword": {"value":""},
  "appGatewayWafStatus": {"value":"Disabled"},
  "appGatewayWafMode": {"value":"Detection"},
  "appGatewayEsHttpCertBlob": { "value": ""}
}
