{
  "$schema": "https://schema.management.azure.com/schemas/2019-04-01/deploymentTemplate.json#",
  "contentVersion": "1.0.0.0",
  "parameters": {
    "location": {
      "type": "string",
      "metadata": {
        "description": "Location where resources will be provisioned"
      }
    },
    "namespace": {
      "type": "string",
      "metadata": {
        "description": "The unique namespace for the Kibana VM"
      }
    },
    "https": {
      "type": "string",
      "defaultValue": "No",
      "allowedValues": [
        "Yes",
        "No"
      ],
      "metadata": {
        "description": "Controls if the output address should be HTTP or HTTPS"
      }
    },
    "elasticTags": {
      "type": "object",
      "defaultValue": {
        "provider": "648D2193-0CE0-4EFB-8A82-AF9792184FD9"
      },
      "metadata": {
        "description": "Unique identifiers to allow the Azure Infrastructure to understand the origin of resources deployed to Azure. You do not need to supply a value for this."
      }
    }
  },
  "variables": {
  },
  "resources": [
  ],
  "outputs": {
    "fqdn": {
      "value": "N/A",
      "type": "string"
    }
  }
}
