{
  "$schema": "https://schema.management.azure.com/schemas/2019-04-01/deploymentTemplate.json#",
  "contentVersion": "1.0.0.0",
  "parameters": {
    "_artifactsLocation": {
      "type": "string",
      "metadata": {
        "description": "Base uri of resources"
      }
    },
    "_artifactsLocationSasToken": {
      "type": "securestring",
      "metadata": {
          "description": "The sasToken required to access _artifactsLocation.  When the template is deployed using the accompanying scripts, a sasToken will be automatically generated. Use the defaultValue if the staging location is not secured."
      },
      "defaultValue": ""
    },
    "vm": {
      "type": "object",
      "metadata": {
        "description": "vm configuration"
      }
    },
    "elasticTags": {
      "type": "object",
      "defaultValue": {
        "provider": "648D2193-0CE0-4EFB-8A82-AF9792184FD9"
      },
      "metadata": {
        "description": "Unique identifiers to allow the Azure Infrastructure to understand the origin of resources deployed to Azure. You do not need to supply a value for this."
      }
    }
  },
  "variables": {
    "namespace": "[parameters('vm').namespace]"
  },
  "resources": [
    {
      "apiVersion": "2019-03-01",
      "type": "Microsoft.Compute/availabilitySets",
      "name": "[concat(variables('namespace'), 'av-set')]",
      "location": "[parameters('vm').shared.location]",
      "tags": {
        "provider": "[toUpper(parameters('elasticTags').provider)]"
      },
      "properties": {
        "platformUpdateDomainCount": 20,
        "platformFaultDomainCount": "[parameters('vm').platformFaultDomainCount]"
      },
      "sku": {
        "name": "Aligned"
      }
    },
    {
      "name": "[concat(variables('namespace'), copyindex(), '-vm-creation')]",
      "type": "Microsoft.Resources/deployments",
      "apiVersion": "2019-05-01",
      "dependsOn": [
        "[concat('Microsoft.Compute/availabilitySets/', variables('namespace'), 'av-set')]"
      ],
      "copy": {
        "name": "[concat(variables('namespace'),'vm-creation-loop')]",
        "count": "[parameters('vm').count]"
      },
      "properties": {
        "mode": "Incremental",
        "templateLink": {
          "uri": "[uri(parameters('_artifactsLocation'), concat('partials/vm.json', parameters('_artifactsLocationSasToken')))]",
          "contentVersion": "1.0.0.0"
        },
        "parameters": {
          "vm": {
            "value": "[parameters('vm')]"
          },
          "availabilitySet": {
            "value": "[concat(variables('namespace'), 'av-set')]"
          },
          "index": {
            "value": "[copyindex()]"
          },
          "elasticTags": {
            "value": "[parameters('elasticTags')]"
          }
        }
      }
    }
  ]
}
