{
  "$schema": "https://schema.management.azure.com/schemas/2019-04-01/deploymentTemplate.json#",
  "contentVersion": "1.0.0.0",
  "parameters": {
    "location": {
      "type": "string",
      "metadata": {
        "description": "Location where resources will be provisioned"
      }
    },
    "namespace": {
      "type": "string",
      "metadata": {
        "description": "The unique namespace for jumpbox nodes"
      }
    },
    "networkSettings": {
      "type": "object",
      "metadata": {
        "description": "Network settings"
      }
    },
    "credentials": {
      "type": "secureObject",
      "metadata": {
        "description": "Credential information block"
      }
    },
    "osSettings": {
      "type": "object",
      "metadata": {
        "description": "Elasticsearch deployment platform settings"
      }
    },
    "elasticTags": {
      "type": "object",
      "defaultValue": {
        "provider": "648D2193-0CE0-4EFB-8A82-AF9792184FD9"
      },
      "metadata": {
        "description": "Unique identifiers to allow the Azure Infrastructure to understand the origin of resources deployed to Azure. You do not need to supply a value for this."
      }
    }
  },
  "variables": {
    "namespace": "[parameters('namespace')]",
    "vmSize": "Standard_A0",
    "subnetId": "[resourceId(parameters('networkSettings').resourceGroup, 'Microsoft.Network/virtualNetworks/subnets', parameters('networkSettings').name, parameters('networkSettings').subnet.name)]",
    "publicIpName": "[concat(variables('namespace'), '-ip')]",
    "securityGroupName": "[concat(variables('namespace'), '-nsg')]",
    "nicName": "[concat(variables('namespace'), '-nic')]",
    "password_osProfile": {
      "computername": "[variables('namespace')]",
      "adminUsername": "[parameters('credentials').adminUsername]",
      "adminPassword": "[parameters('credentials').password]"
    },
    "sshPublicKey_osProfile": {
      "computername": "[variables('namespace')]",
      "adminUsername": "[parameters('credentials').adminUsername]",
      "linuxConfiguration": {
        "disablePasswordAuthentication": "true",
        "ssh": {
          "publicKeys": [ {
            "path": "[concat('/home/', parameters('credentials').adminUsername, '/.ssh/authorized_keys')]",
            "keyData": "[parameters('credentials').sshPublicKey]"
          } ]
        }
      }
    },
    "osProfile": "[variables(concat(parameters('credentials').authenticationType, '_osProfile'))]"
  },
  "resources": [
    {
      "apiVersion": "2019-04-01",
      "type": "Microsoft.Network/networkSecurityGroups",
      "name": "[variables('securityGroupName')]",
      "location": "[parameters('location')]",
      "tags": {
        "provider": "[toUpper(parameters('elasticTags').provider)]"
      },
      "properties": {
        "securityRules": [
          {
            "name": "SSH",
            "properties": {
              "description": "Allows SSH traffic",
              "protocol": "Tcp",
              "sourcePortRange": "*",
              "destinationPortRange": "[parameters('osSettings').managementPort]",
              "sourceAddressPrefix": "*",
              "destinationAddressPrefix": "*",
              "access": "Allow",
              "priority": 100,
              "direction": "Inbound"
            }
          }
        ]
      }
    },
    {
      "apiVersion": "2019-04-01",
      "type": "Microsoft.Network/publicIPAddresses",
      "name": "[variables('publicIpName')]",
      "location": "[parameters('location')]",
      "tags": {
        "provider": "[toUpper(parameters('elasticTags').provider)]"
      },
      "properties": {
        "publicIPAllocationMethod": "Dynamic",
        "dnsSettings": {
          "domainNameLabel": "[concat('jump-', uniqueString(resourceGroup().id, deployment().name))]"
        }
      }
    },
    {
      "apiVersion": "2019-04-01",
      "type": "Microsoft.Network/networkInterfaces",
      "name": "[variables('nicName')]",
      "location": "[parameters('location')]",
      "tags": {
        "provider": "[toUpper(parameters('elasticTags').provider)]"
      },
      "dependsOn": [
        "[concat('Microsoft.Network/publicIPAddresses/', variables('publicIpName'))]",
        "[concat('Microsoft.Network/networkSecurityGroups/', variables('securityGroupName'))]"
      ],
      "properties": {
        "ipConfigurations": [
          {
            "name": "ipconfig1",
            "properties": {
              "privateIPAllocationMethod": "Dynamic",
              "publicIPAddress": {
                "id": "[resourceId('Microsoft.Network/publicIPAddresses', variables('publicIpName'))]"
              },
              "subnet": {
                "id": "[variables('subnetId')]"
              }
            }
          }
        ],
        "networkSecurityGroup": {
          "id": "[resourceId('Microsoft.Network/networkSecurityGroups', variables('securityGroupName'))]"
        }
      }
    },
    {
      "apiVersion": "2019-03-01",
      "type": "Microsoft.Compute/virtualMachines",
      "name": "[variables('namespace')]",
      "location": "[parameters('location')]",
      "tags": {
        "provider": "[toUpper(parameters('elasticTags').provider)]"
      },
      "dependsOn": [
        "[concat('Microsoft.Network/networkInterfaces/', variables('nicName'))]"
      ],
      "properties": {
        "hardwareProfile": {
          "vmSize": "[variables('vmSize')]"
        },
        "osProfile": "[variables('osProfile')]",
        "storageProfile": {
          "imageReference": "[parameters('osSettings').imageReference]",
          "osDisk": {
            "name": "[concat(variables('namespace'), '-osdisk')]",
            "managedDisk": {
              "storageAccountType": "Standard_LRS"
            },
            "caching": "ReadWrite",
            "createOption": "FromImage"
          }
        },
        "networkProfile": {
          "networkInterfaces": [
            {
              "id": "[resourceId('Microsoft.Network/networkInterfaces', variables('nicName'))]"
            }
          ]
        }
      }
    }
  ],
  "outputs": {
    "ssh": {
      "value": "[concat(parameters('credentials').adminUsername, '@', reference(variables('publicIpName')).dnsSettings.fqdn)]",
      "type": "string"
    }
  }
}
